{
    "H": {
        "color": [
            219,
            42,
            42
        ],
        "matrix": [
            [
                "(0.7071067811865475+0j)",
                "(0.7071067811865475+0j)"
            ],
            [
                "(0.7071067811865475+0j)",
                "(-0.7071067811865475+0j)"
            ]
        ],
        "control": 0
    },
    "X": {
        "color": [
            219,
            163,
            42
        ],
        "matrix": [
            [
                "0j",
                "(1+0j)"
            ],
            [
                "(1+0j)",
                "0j"
            ]
        ],
        "control": 0
    },
    "Y": {
        "color": [
            151,
            219,
            42
        ],
        "matrix": [
            [
                "0j",
                "(-0-1j)"
            ],
            [
                "1j",
                "0j"
            ]
        ],
        "control": 0
    },
    "Z": {
        "color": [
            42,
            219,
            160
        ],
        "matrix": [
            [
                "(1+0j)",
                "0j"
            ],
            [
                "0j",
                "(-1+0j)"
            ]
        ],
        "control": 0
    },
    "+": {
        "color": [
            42,
            219,
            219
        ],
        "matrix": [
            [
                "(1+0j)",
                "0j",
                "0j",
                "0j"
            ],
            [
                "0j",
                "(1+0j)",
                "0j",
                "0j"
            ],
            [
                "0j",
                "0j",
                "0j",
                "(1+0j)"
            ],
            [
                "0j",
                "0j",
                "(1+0j)",
                "0j"
            ]
        ],
        "control": 1
    },
    "CZ": {
        "color": [
            219,
            42,
            154
        ],
        "matrix": [
            [
                "(1+0j)",
                "0j",
                "0j",
                "0j"
            ],
            [
                "0j",
                "(1+0j)",
                "0j",
                "0j"
            ],
            [
                "0j",
                "0j",
                "(1+0j)",
                "0j"
            ],
            [
                "0j",
                "0j",
                "0j",
                "(-1+0j)"
            ]
        ],
        "control": 1
    },
    "I": {
        "color": [
            42,
            89,
            219
        ],
        "matrix": [
            [
                "(1+0j)",
                "0j"
            ],
            [
                "0j",
                "(1+0j)"
            ]
        ],
        "control": 0
    },
    "S": {
        "color": [
            42,
            89,
            219
        ],
        "matrix": [
            [
                "(1+0j)",
                "0j"
            ],
            [
                "0j",
                "1j"
            ]
        ],
        "control": 0
    }
}